Voltage_measured,Current_measured,Temperature_measured,Current_charge,Voltage_charge,Time
3.3857174936324217,-0.0030131040990119,23.96695671507823,0.0,0.002,0.0
3.1653143081581017,-2.255353130255427,23.97028268430162,-2.2691,2.094,2.5630000000000024
3.509092507067716,1.492515526732048,23.99599597889669,1.4995,4.238,5.563000000000002
3.524743622996692,1.4917491466587771,24.003423469365234,1.4995,4.25,8.328000000000003
3.536236900529018,1.496488881961757,23.985113804226646,1.4995,4.263,11.094
3.5461981988834217,1.4915083506944782,23.97402533381408,1.4995,4.276,13.906
3.5553420426999387,1.4895024398369454,23.964021679563047,1.4995,4.288,16.688000000000002
3.5635666796653034,1.4914379142639425,23.961757464428885,1.4995,4.301,19.453000000000003
3.5714856784166757,1.4943827977911064,23.939902524699452,1.4995,4.301,22.281
3.5795282100070693,1.4930035975844318,23.93535763488334,1.4995,4.314,25.11
3.586775665305364,1.4919500114634898,23.91532093459624,1.4995,4.314,27.906
3.593456338414271,1.493296112386164,23.90007082011947,1.4995,4.326,30.719
3.60015069075736,1.491507986351014,23.88761976150626,1.4995,4.326,33.485
3.606728857282648,1.4901360666322685,23.8773958380822,1.4995,4.339,36.328
3.614039591773729,1.489601500647238,23.86393826702057,1.4995,4.339,39.578
3.61991662593261,1.4912355649545357,23.856346804686677,1.4995,4.352,42.422
3.625919639168605,1.4912773253833382,23.843030420704505,1.4995,4.364,45.266
3.6317314763565847,1.49013600905172,23.82638708433913,1.4995,4.364,48.125
3.637220415783088,1.489697641310014,23.818224160147697,1.4995,4.364,50.985
3.643034981492972,1.4901554324769322,23.801093039620977,1.4995,4.377,53.844
3.6483608294087175,1.4889316211586037,23.79243370793269,1.4995,4.377,56.688
3.653326824605723,1.4919259900894737,23.780433981992925,1.4995,4.39,59.563
3.658299979321568,1.4965152191664288,23.76421004852073,1.4995,4.39,62.438
3.663316277646798,1.490161588450578,23.756114608869574,1.4995,4.402,65.328
3.6681751606562063,1.4944492376369969,23.74665977842369,1.4995,4.402,68.235
3.673023584400724,1.4916461810504558,23.736662276864926,1.4995,4.402,71.188
3.677936382557351,1.4921469704227497,23.725865706757386,1.4995,4.415,74.094
3.6824396053279433,1.4931914370516135,23.715978620719813,1.4995,4.415,77.0
3.687014440588001,1.4881887408995922,23.71562337938032,1.4995,4.428,79.89099999999999
3.691293618725527,1.4926023224098774,23.701391546127077,1.4995,4.428,82.797
3.695620876575657,1.4917586916566792,23.690372691587346,1.4995,4.428,85.719
3.6998894125208457,1.488594723212757,23.66997774309036,1.4995,4.428,88.688
3.703976874737275,1.4917501007697989,23.668488859028763,1.4995,4.44,91.61
3.708130088129616,1.4904859605790042,23.650523577985552,1.4995,4.44,94.531
3.7123424923773296,1.4911997280813774,23.63927189280458,1.4995,4.453,97.516
3.71607638373528,1.4900159981351708,23.63088384019614,1.4995,4.453,100.453
3.720131965805998,1.492751852340048,23.63137026502435,1.4995,4.453,103.375
3.723925198349528,1.4902871181720292,23.6248757867393,1.4995,4.453,106.391
3.727254676366333,1.4901711075024258,23.618742655412053,1.4995,4.466,109.344
3.731173633725245,1.4929861418982218,23.60553731889972,1.4995,4.466,112.313
3.7347404464518488,1.4900256683554782,23.605432761389043,1.4995,4.466,115.313
3.738528354776013,1.4891911338690047,23.5878683186328,1.4995,4.466,118.313
3.742052217007919,1.4904939240427015,23.581427149720383,1.4995,4.479,121.344
3.745483250776618,1.4875935030026883,23.57600169843516,1.4995,4.479,124.313
3.749004082855035,1.491073177414143,23.56082968545213,1.4995,4.479,127.313
3.751835467514316,1.4912663948647575,23.559882614602632,1.4995,4.491,130.328
3.75550071378697,1.488883775330803,23.55233547248569,1.4995,4.491,133.344
3.758606474754381,1.488099149246461,23.546174568724663,1.4995,4.491,136.344
3.7617741249143286,1.4916007241758282,23.538916876549106,1.4995,4.491,139.344
3.7653162502305015,1.490852990940133,23.52622152217085,1.4995,4.504,142.36
3.7681930607690832,1.4895269778099252,23.528341534113192,1.4995,4.504,145.391
3.771277764946624,1.4889040736112653,23.51753742005641,1.4995,4.504,148.406
3.77419959277796,1.4900730330468543,23.51304175319797,1.4995,4.504,151.438
3.777375674973596,1.4894517958076114,23.5138399634426,1.4995,4.517,154.5
3.780494950547417,1.4892199046176406,23.50431431080256,1.4995,4.517,157.547
3.783056331070256,1.4946731736051386,23.49699442412296,1.4995,4.517,160.594
3.785995101155988,1.4930701053076496,23.493326011446182,1.4995,4.517,163.688
3.7886998018079687,1.4905060421664984,23.48446416010911,1.4995,4.529,166.75
3.791600189345959,1.4919888651837356,23.47517882297172,1.4995,4.529,169.813
3.7947177371482392,1.491587633777786,23.46861514609257,1.4995,4.529,172.906
3.796951553033849,1.4897937581028131,23.45633945175485,1.4995,4.529,176.0
3.799869066044337,1.493142537034487,23.45175718113236,1.4995,4.529,179.094
3.8023938968013233,1.4919584994296793,23.446944941961355,1.4995,4.542,182.188
3.805251747765684,1.4920335251495336,23.43678731766822,1.4995,4.542,185.375
3.8073067588284895,1.4894430329761883,23.428868333215977,1.4995,4.542,188.516
3.809882839316007,1.488784258104126,23.43183802043245,1.4995,4.542,191.672
3.812358110663805,1.4917240223773425,23.427469154374243,1.4995,4.555,194.813
3.81472753875459,1.4906174279062092,23.412301934625965,1.4995,4.555,197.953
3.816992040080669,1.490852638154763,23.40609179233351,1.4995,4.555,201.11
3.819348726246794,1.4902042789315362,23.401988201876065,1.4995,4.555,204.25
3.821369434778473,1.4901674969471512,23.391009996939644,1.4995,4.555,207.406
3.8233758219325815,1.4902794069345906,23.38983213781096,1.4995,4.555,210.563
3.825265379993312,1.4925202640579365,23.38080199701184,1.4995,4.567,213.703
3.826969952648059,1.4936442721817749,23.37764038300847,1.4995,4.567,216.891
3.8286954931263706,1.4898379311944647,23.36855819037384,1.4995,4.567,220.063
3.830618841003684,1.490118347429245,23.364517345340364,1.4995,4.567,223.266
3.832054391221057,1.4909363677608347,23.36055299582201,1.4995,4.567,226.453
3.833737774054589,1.4922062878667757,23.345517130477365,1.4995,4.567,229.641
3.8346135557049656,1.4932649253862378,23.343644524827827,1.4995,4.567,232.844
3.8361310419647454,1.4906735558745112,23.347269725392103,1.4995,4.567,236.063
3.837459573214257,1.4921525704169496,23.338553968906226,1.4995,4.567,239.36
3.8385769577234727,1.4900600579350494,23.33294220589108,1.4995,4.567,242.594
3.839404649512988,1.4893435648316746,23.32956206277931,1.4995,4.58,245.813
3.840855565906253,1.4907958927063474,23.324455314569065,1.4995,4.58,249.141
3.841519136504258,1.4939582611114186,23.31430975022077,1.4995,4.58,252.406
3.842478217538676,1.4928081772072457,23.31671955134476,1.4995,4.58,255.656
3.843333994881879,1.4903364098558676,23.318060026481536,1.4995,4.58,258.969
3.8444204341569126,1.4901901904575727,23.30896782001737,1.4995,4.58,262.235
3.845242507952981,1.4917425653954184,23.314901463319742,1.4995,4.58,265.578
3.845824627086521,1.4896867297162253,23.31831970583525,1.4995,4.58,268.891
3.8464664520143943,1.4900772264437598,23.315854860304224,1.4995,4.58,272.203
3.8473054310199073,1.490055765565162,23.315997398993712,1.4995,4.58,275.516
3.8481976222690064,1.4919578167441263,23.31170094544313,1.4995,4.58,278.969
3.848747978126557,1.4925992045247265,23.30239019500269,1.4995,4.58,282.344
3.849187715056241,1.490524136858979,23.29473293519128,1.4995,4.58,285.688
3.849941909616545,1.4905303280670688,23.297913257844165,1.4995,4.593,289.063
3.850605481448321,1.4909254016856828,23.30143170123754,1.4995,4.593,292.453
3.851179020943949,1.493575942267043,23.299095300711794,1.4995,4.593,295.875
3.851971454569702,1.4924530864691097,23.296068790557648,1.4995,4.593,299.344
3.852567551089673,1.4919698656947926,23.29329478847452,1.4995,4.593,302.813
3.8529915799928256,1.4897624916185492,23.28550623023717,1.4995,4.593,306.297
3.8538312698638055,1.4882736355332422,23.29540151198395,1.4995,4.593,309.781
3.854310091422749,1.4893869503207566,23.30241909309347,1.4995,4.593,313.313
3.855205732063345,1.4906277686501297,23.303975616681697,1.4995,4.593,316.766
3.855241941616623,1.493909048779429,23.305258775273003,1.4995,4.593,320.235
3.856244414150825,1.4895206552523954,23.306662774820865,1.4995,4.593,323.688
3.856597906702308,1.490810810398315,23.305070951601596,1.4995,4.593,327.156
3.857417351288941,1.4921320911484652,23.31119725167496,1.4995,4.593,330.625
3.8581636635670766,1.489948066617153,23.30157442215397,1.4995,4.593,334.11
3.8585234895309855,1.4902995259520864,23.3020431376562,1.4995,4.593,337.641
3.859137953860555,1.4911582051514969,23.30120740427523,1.4995,4.593,341.219
3.85985817588164,1.4904099603959788,23.304665245743085,1.4995,4.593,344.766
3.860583654723553,1.4916530211617365,23.295197623138154,1.4995,4.605,348.313
3.861035046261948,1.490630826897175,23.29817609596581,1.4995,4.593,351.86
3.8617966760436633,1.4916537029677626,23.30320575559609,1.4995,4.605,355.469
3.862457213217946,1.4915410609451225,23.30312222056669,1.4995,4.593,359.047
3.862822957099677,1.4901694048922784,23.30605866970008,1.4995,4.605,362.703
3.863774168418433,1.4889890413662306,23.302710486132742,1.4995,4.605,366.313
3.864320376924401,1.4929158633730484,23.306323840809245,1.4995,4.605,369.985
3.8653347102608,1.4882378010880697,23.31604464372818,1.4995,4.605,373.61
3.865709310287188,1.4907864552878674,23.31887420006932,1.4995,4.605,377.25
3.8662266870637976,1.4915950469149315,23.319887747480166,1.4995,4.605,380.906
3.867083814660996,1.4930303821222446,23.322377911810893,1.4995,4.605,384.594
3.867817481183577,1.4932795131183083,23.321808067052245,1.4995,4.605,388.297
3.868484776124314,1.491480795785278,23.32486495178635,1.4995,4.605,392.047
3.869305350376342,1.4926905555345005,23.334167042078032,1.4995,4.605,395.797
3.8700534758877474,1.4898522255296782,23.341062356301457,1.4995,4.605,399.578
3.870471525589978,1.4897935893101455,23.334523709671902,1.4995,4.605,403.375
3.871277817771066,1.4910669370720493,23.32803119775876,1.4995,4.605,407.141
3.872194097742938,1.4911802194428716,23.336267670787738,1.4995,4.605,410.906
3.872344973601305,1.4929814127811083,23.32932399171172,1.4995,4.605,414.688
3.873459171943456,1.4918228138636662,23.330838690965017,1.4995,4.605,418.453
3.8740596304888233,1.4893069940967325,23.344578904389667,1.4995,4.618,422.235
3.8749501345326753,1.4918725712790464,23.34685571331551,1.4995,4.605,426.031
3.875419123545858,1.4899574422110111,23.35066729458939,1.4995,4.618,429.828
3.876371936815661,1.4922787490912306,23.349257838429985,1.4995,4.618,433.656
3.876815464855085,1.491371578322008,23.35300103083731,1.4995,4.618,437.531
3.8775748351903294,1.4908713435317802,23.357436713740835,1.4995,4.618,441.453
3.878443734342804,1.4926798851487455,23.370244775180204,1.4995,4.618,445.313
3.879090703366631,1.4927314196743964,23.36505911521201,1.4995,4.618,449.188
3.8795337906556746,1.4884662411691787,23.369873506045515,1.4995,4.618,453.078
3.880444251082177,1.4925591918364276,23.36715713490713,1.4995,4.618,457.063
3.881205147299603,1.4919143012758878,23.36334385013371,1.4995,4.618,461.0
3.8816000493228455,1.4914728204118404,23.37915346150945,1.4995,4.618,464.938
3.882811867516752,1.4908743540720106,23.37786631382873,1.4995,4.618,468.891
3.883345914672832,1.4916810660570718,23.37856326974439,1.4995,4.618,472.875
3.883795892355448,1.4908680826325489,23.38145264840712,1.4995,4.618,476.906
3.884816730803076,1.4882837397737405,23.391012321425965,1.4995,4.618,480.938
3.885237071686361,1.4908324206497716,23.39725689901833,1.4995,4.618,485.016
3.886321655704588,1.4912740594609055,23.390824081440066,1.4995,4.631,489.063
3.8869830991888583,1.4909098174676694,23.393898790384057,1.4995,4.631,493.125
3.887584554933561,1.4929049733266373,23.405514972411837,1.4995,4.618,497.203
3.888488594694746,1.495045016086633,23.40417385576823,1.4995,4.618,501.281
3.889058925979426,1.492506875278303,23.41836689998428,1.4995,4.631,505.391
3.889714661872592,1.4887812437288297,23.41957595585851,1.4995,4.631,509.516
3.8904569171996495,1.4925358870935357,23.42019003722108,1.4995,4.631,513.641
3.891263377320088,1.491717962635373,23.42056451688731,1.4995,4.631,517.735
3.8922025328025978,1.4927528552987153,23.43533457224816,1.4995,4.631,521.875
3.8927632308883706,1.4920478368787102,23.44161826292606,1.4995,4.631,526.047
3.893396735225049,1.4913228165946617,23.445547487381464,1.4995,4.631,530.281
3.894200586747812,1.488417779561359,23.433788458477192,1.4995,4.631,534.469
3.894885240869456,1.490280230162211,23.432115034720155,1.4995,4.631,538.75
3.89549994691925,1.4895263911282,23.438384950798348,1.4995,4.631,543.063
3.896524345092525,1.4931368667210825,23.4504330996968,1.4995,4.631,547.313
3.896890550813983,1.4912149964994312,23.45554818816098,1.4995,4.631,551.625
3.897906430188833,1.4902085938526934,23.46219851573469,1.4995,4.631,555.906
3.898424134977656,1.49036968230893,23.46735587671304,1.4995,4.631,560.188
3.899080180752479,1.490058035157747,23.47799396240822,1.4995,4.631,564.531
3.89992095714052,1.4903462908437322,23.473245047745323,1.4995,4.643,568.906
3.9011126183465055,1.4930050889117668,23.481502730855915,1.4995,4.643,573.297
3.901717688176905,1.494234569432517,23.480480088384358,1.4995,4.643,577.719
3.902268989220607,1.4907147011559336,23.4873481529905,1.4995,4.643,582.125
3.902865580907197,1.4887751877804023,23.481202459053183,1.4995,4.643,586.531
3.9036961845164586,1.4899919789041238,23.49051154569384,1.4995,4.643,590.922
3.90422045013788,1.4886640923372572,23.4994465203476,1.4995,4.643,595.344
3.905281245960792,1.4910104229018115,23.50488757858588,1.4995,4.643,599.781
3.905815880483465,1.488508183119827,23.5127017214088,1.4995,4.643,604.25
3.906545066107508,1.4916075952119603,23.51447105784353,1.4995,4.643,608.719
3.907179163120149,1.4898681406797034,23.5195726126684,1.4995,4.643,613.281
3.90782414616197,1.487909723478411,23.53707721908416,1.4995,4.643,617.797
3.908929195295799,1.492234037332786,23.53144224687818,1.4995,4.643,622.36
3.9096181487768016,1.4905907337795474,23.52910385797509,1.4995,4.643,626.906
3.910234957727968,1.4944417914412738,23.544427954927887,1.4995,4.643,631.5
3.9110835090801768,1.493557086618886,23.543957967335075,1.4995,4.643,636.078
3.911720530259536,1.4890669849931415,23.550481300963053,1.4995,4.656,640.703
3.9123380126149048,1.488048121418592,23.551916090775304,1.4995,4.643,645.328
3.913207367991813,1.4890981432571515,23.55788475868094,1.4995,4.656,650.016
3.913975980495492,1.4929256459663962,23.5497725301545,1.4995,4.656,654.719
3.914524539684746,1.4896563386282595,23.56747131203941,1.4995,4.656,659.438
3.9154766481949017,1.491425113901801,23.58018186297593,1.4995,4.656,664.156
3.916112238021545,1.4919693786499022,23.571768027541854,1.4995,4.656,668.891
3.9166991182738298,1.4884470211497856,23.581257741435117,1.4995,4.656,673.625
3.9175594493932206,1.48929450970203,23.601217024644136,1.4995,4.656,678.36
3.918310515678417,1.491126308740458,23.605203905363556,1.4995,4.656,683.156
3.9189304605975273,1.4901562903780936,23.605104644661157,1.4995,4.656,687.922
3.9194688255286274,1.490827667444629,23.608659287220675,1.4995,4.656,692.703
3.920460359534148,1.491821002603584,23.610907184839533,1.4995,4.656,697.547
3.920817257660061,1.4906474615652727,23.615157940681872,1.4995,4.656,702.391
3.921904960655109,1.492659112976372,23.62359185106533,1.4995,4.656,707.25
3.922187388091637,1.4904980091825313,23.637364515641703,1.4995,4.656,712.141
3.922767423584989,1.4909430058330952,23.642125925857865,1.4995,4.656,717.078
3.9236749129827766,1.490304410990338,23.641440852581525,1.4995,4.656,722.016
3.9242489885386473,1.4930183615448105,23.657112818558492,1.4995,4.656,726.953
3.9249506031281873,1.4903268664770952,23.656558706063635,1.4995,4.656,731.938
3.9255728735646014,1.491492186436908,23.658842266622543,1.4995,4.669,736.922
3.926345006222247,1.4922092961447502,23.657462511732263,1.4995,4.669,741.922
3.9268721272474174,1.4916797889665652,23.670490831222683,1.4995,4.669,746.938
3.9275078800263774,1.489404366263278,23.66943990028024,1.4995,4.669,751.985
3.928210509785031,1.4904826731704892,23.678567005238303,1.4995,4.669,757.031
3.928617540773231,1.4911460528527227,23.69628367597504,1.4995,4.669,762.078
3.929279133931546,1.4922000381244744,23.696726989979965,1.4995,4.669,767.203
3.929673156964181,1.4912912815949002,23.699526653662307,1.4995,4.669,772.313
3.9304329141544754,1.4916251809887482,23.697333604257324,1.4995,4.669,777.453
3.931022025311597,1.494813929151756,23.710861094659883,1.4995,4.669,782.625
3.931717268257962,1.489805502287602,23.708561582021957,1.4995,4.669,787.813
3.9321628297012814,1.4914895729733677,23.71212502858074,1.4995,4.669,793.016
3.933011177401312,1.4935391020410709,23.714446302805737,1.4995,4.669,798.281
3.933263155350784,1.491739945948729,23.729543756616085,1.4995,4.669,803.516
3.933910829949677,1.4900268941588315,23.73409867828664,1.4995,4.669,808.813
3.9344512800332496,1.491889707902894,23.73747967291311,1.4995,4.669,814.125
3.935012712446765,1.4927650962160692,23.73915037848681,1.4995,4.669,819.453
3.935253271537061,1.4933267963362438,23.75063364021782,1.4995,4.669,824.797
3.93623921365504,1.490105592150681,23.7560042886462,1.4995,4.669,830.156
3.936573103674931,1.492413660671311,23.76862468028381,1.4995,4.669,835.531
3.937533205551139,1.4892517531500806,23.772050696679507,1.4995,4.669,841.016
3.937589502370677,1.49009686084002,23.781674903815546,1.4995,4.669,846.422
3.9382873004397823,1.4908575166668412,23.78939405619133,1.4995,4.681,851.844
3.938608825840523,1.4925000757670877,23.78838680343687,1.4995,4.681,857.328
3.939088807579991,1.492412883218709,23.78158482152095,1.4995,4.681,862.781
3.9401743713229713,1.4894345511253688,23.7871078183982,1.4995,4.681,868.297
3.940303812595461,1.489244018115318,23.801842213642143,1.4995,4.681,873.906
3.940799215444199,1.489915197800748,23.81428644749771,1.4995,4.681,879.485
3.940998733458189,1.4902370689564213,23.817654828499094,1.4995,4.681,885.078
3.941395191490159,1.4915359627210267,23.826825033576043,1.4995,4.681,890.672
3.9419822591275366,1.4897580938643975,23.82674749927869,1.4995,4.681,896.344
3.942849338781236,1.4846685759233176,23.840771934264183,1.4995,4.681,901.985
3.9430397089199953,1.494491409294035,23.85506705014305,1.4995,4.681,907.61
3.9434633188293775,1.49299754762342,23.853947752306677,1.4995,4.681,913.266
3.9444572610384343,1.4877438215637075,23.87392522966525,1.4995,4.681,918.922
3.9445936494793785,1.4906190765362766,23.87744302255228,1.4995,4.681,924.625
3.945285331948128,1.4932978903134548,23.873305608901557,1.4995,4.681,930.391
3.94527641618949,1.4882541070440671,23.87486955564838,1.4995,4.681,936.188
3.945762665069101,1.490479821668594,23.882068385799144,1.4995,4.681,941.922
3.946438047871169,1.495730048144712,23.894656234588066,1.4995,4.681,947.766
3.9466947795785248,1.4881489001392127,23.908292481690967,1.4995,4.681,953.594
3.947450670737933,1.4929652204524626,23.91115486307836,1.4995,4.681,959.469
3.947707166134629,1.489248054587185,23.92175904075623,1.4995,4.681,965.391
3.948338754026045,1.4940215718972178,23.932525670511325,1.4995,4.681,971.328
3.948884847691194,1.4870737797622509,23.94701325929245,1.4995,4.681,977.266
3.949227582681016,1.4927398607754878,23.947125913057803,1.4995,4.681,983.219
3.949869122509484,1.4872634440471302,23.95752415819669,1.4995,4.681,989.188
3.950028023120995,1.4933465786768612,23.975007520738863,1.4995,4.681,995.188
3.9503442139946574,1.4898712079462042,23.978570700903678,1.4995,4.681,1001.266
3.950880217219511,1.4925429824785716,23.984480798771298,1.4995,4.694,1007.297
3.95156309745837,1.4887277640559378,24.001613130076937,1.4995,4.694,1013.328
3.951884691820352,1.4918654217028025,23.989142940143346,1.4995,4.694,1019.406
3.95242865055057,1.493325576145903,23.99960145200324,1.4995,4.694,1025.578
3.952806659936768,1.4952800596290463,24.00795646959831,1.4995,4.694,1031.719
3.953581429599181,1.4884959682756458,24.017101088785267,1.4995,4.694,1037.906
3.9536481056050263,1.486764540473659,24.013035247764456,1.4995,4.694,1044.11
3.954298650684526,1.4912425412748425,24.02551420113265,1.4995,4.694,1050.375
3.9545894891317688,1.4907331519875466,24.03486438945068,1.4995,4.694,1056.656
3.9550737713423207,1.490754901262519,24.052299836157644,1.4995,4.694,1062.922
3.95550283578217,1.4920712264324536,24.06367264575505,1.4995,4.694,1069.219
3.955993208185168,1.4927066916992735,24.073645132989416,1.4995,4.694,1075.531
3.9564654775453687,1.4930339050532582,24.08529602269806,1.4995,4.694,1081.891
3.957273980000989,1.4901972635570022,24.088466248699568,1.4995,4.694,1088.328
3.9575304565694793,1.491466533744028,24.088015752690985,1.4995,4.694,1094.719
3.9577614429466346,1.4921075358877878,24.0966730062609,1.4995,4.694,1101.156
3.958532892091565,1.4922376315037746,24.105976701711867,1.4995,4.694,1107.594
3.9587352324314735,1.4930854511596272,24.121222644358628,1.4995,4.694,1114.078
3.95959691454529,1.4902554720111112,24.13975971985356,1.4995,4.694,1120.594
3.960243946224435,1.49124796589111,24.146143303508943,1.4995,4.694,1127.172
3.9607561723985056,1.4893820443315144,24.15112833992385,1.4995,4.694,1133.735
3.9612596802193134,1.491412457583169,24.180258152646,1.4995,4.707,1140.313
3.961731130401065,1.490091535016592,24.184914979719327,1.4995,4.694,1146.906
3.962251072366245,1.4878366738009656,24.2025703054246,1.4995,4.707,1153.531
3.962374225739624,1.494210722788009,24.20821477270665,1.4995,4.707,1160.172
3.9632690538685855,1.4897424471577312,24.218111802729595,1.4995,4.694,1166.875
3.963842500741305,1.4900621996392702,24.224025624528423,1.4995,4.707,1173.594
3.964226758429709,1.4937423822380484,24.220111263053845,1.4995,4.707,1180.328
3.964551104075296,1.4924799503630897,24.23716437403939,1.4995,4.707,1187.125
3.9654083968023817,1.490099691874945,24.25885405624942,1.4995,4.707,1193.953
3.9659130899548334,1.4922335047094415,24.27790016623868,1.4995,4.707,1200.828
3.966335658495853,1.4898847054717987,24.280045897745737,1.4995,4.707,1207.703
3.966867494049754,1.4914580726496776,24.29070208266566,1.4995,4.707,1214.656
3.967390587891873,1.4927363467848636,24.292618601981182,1.4995,4.707,1221.563
3.96808873208668,1.4913925197480566,24.301758718072644,1.4995,4.707,1228.469
3.968551067481304,1.4898358319588016,24.3076513119672,1.4995,4.707,1235.453
3.9690437933509135,1.4906916075681182,24.335734780826897,1.4995,4.707,1242.406
3.969865439900634,1.4932615956894533,24.34241402256578,1.4995,4.707,1249.406
3.970195168080495,1.4900442344603553,24.35178791454156,1.4995,4.707,1256.438
3.97106518960953,1.4893394818780237,24.365060780825324,1.4995,4.707,1263.485
3.971318891686893,1.4905619291843255,24.36954201748006,1.4995,4.707,1270.578
3.9721430408766434,1.491935890605842,24.38956604501053,1.4995,4.707,1277.703
3.972470854223737,1.492969249601944,24.406044330282175,1.4995,4.707,1284.891
3.973495102667157,1.4906480156908226,24.411173580079097,1.4995,4.707,1292.094
3.9735687813212617,1.4887914731647292,24.43427605527997,1.4995,4.707,1299.297
3.974370881879018,1.4910042519870557,24.441177102045582,1.4995,4.707,1306.5
3.974890141014723,1.4907450660987354,24.44539284028388,1.4995,4.707,1313.735
3.975716913191965,1.492929716689451,24.460243536790824,1.4995,4.719,1321.0
3.976150890961037,1.490607570245477,24.469243853047416,1.4995,4.719,1328.328
3.976925095611992,1.4909721065243997,24.48361415451449,1.4995,4.719,1335.672
3.9774871096194255,1.491570858194675,24.49475552114245,1.4995,4.719,1343.078
3.977761118136031,1.4921383345578134,24.505776700108623,1.4995,4.719,1350.485
3.978664882766382,1.490965237244677,24.522662156410565,1.4995,4.719,1357.922
3.979206881655776,1.4911314367890025,24.542450788999435,1.4995,4.719,1365.406
3.979547693017312,1.490322673138177,24.556712005207583,1.4995,4.719,1372.953
3.980494113213441,1.4910036628611565,24.56453224027425,1.4995,4.719,1380.485
3.9809401288684407,1.4924314529541054,24.572238808038755,1.4995,4.719,1388.0
3.9814312823064353,1.4893859819175534,24.58369266482519,1.4995,4.719,1395.563
3.9823697427119207,1.4905149370303568,24.601235517025664,1.4995,4.719,1403.172
3.9824165788521855,1.495324246734915,24.61391111154549,1.4995,4.719,1410.828
3.983400979237589,1.4932313146906355,24.6270507824472,1.4995,4.719,1418.422
3.984265316562131,1.4941955640326,24.64159373128696,1.4995,4.719,1426.063
3.984568421979312,1.4905061377311843,24.65526202004871,1.4995,4.719,1433.75
3.985003941338333,1.492673355129568,24.66571847921094,1.4995,4.719,1441.438
3.98569403012053,1.4927469950250356,24.68133740289651,1.4995,4.719,1449.172
3.986461268168721,1.4888160281421028,24.686074226579148,1.4995,4.719,1456.953
3.986851088552135,1.4922765468423385,24.69729459685236,1.4995,4.732,1464.75
3.9874890944116026,1.4916032100948378,24.720482962485157,1.4995,4.719,1472.578
3.988157287655066,1.4916286833848085,24.7247596064646,1.4995,4.719,1480.453
3.988801763624243,1.4907863542071185,24.73872162178089,1.4995,4.719,1488.391
3.9891092465962026,1.4917615576366434,24.765631983727896,1.4995,4.732,1496.281
3.9898214113502215,1.4892709795677848,24.774800961676,1.4995,4.732,1504.203
3.990622332401761,1.4899340252293478,24.778341086194622,1.4995,4.732,1512.016
3.9908539734894246,1.492128672995828,24.793482107941006,1.4995,4.732,1520.0
3.99176174668572,1.49281492579725,24.815260646871348,1.4995,4.732,1527.938
3.992130016479537,1.4943991025774104,24.81956215806392,1.4995,4.732,1535.953
3.992986563353935,1.4909991882181035,24.834062999268525,1.4995,4.732,1543.922
3.993511400770697,1.4921452801182478,24.848521225575563,1.4995,4.732,1551.953
3.9941626345873993,1.4910746846667209,24.854232198660885,1.4995,4.732,1560.047
3.994612122314293,1.491929438759752,24.88396726296019,1.4995,4.732,1568.156
3.994998987890245,1.4914212885285432,24.891185820835897,1.4995,4.732,1576.235
3.9960361889886498,1.4896457080661931,24.910407773392357,1.4995,4.732,1584.391
3.9964469384357386,1.4912393782830908,24.92572663922087,1.4995,4.732,1592.531
3.99703600459772,1.489265955127291,24.93556598618064,1.4995,4.732,1600.672
3.997677058444708,1.4898687530711394,24.951883066570183,1.4995,4.732,1608.672
3.9984555224590874,1.4894676210897753,24.963121045825165,1.4995,4.732,1616.735
3.998873076882454,1.491429800765721,24.97781888773444,1.4995,4.732,1624.828
3.999311914883901,1.490236198022378,24.99094915170465,1.4995,4.732,1632.953
4.000195503385824,1.4918076547253687,25.01007270251305,1.4995,4.745,1641.11
4.000823087512427,1.4866896155122824,25.02307392525521,1.4995,4.745,1649.25
4.0016551992837375,1.4925049653315146,25.032619387001738,1.4995,4.745,1657.469
4.002237865035635,1.489146181604604,25.054314473208585,1.4995,4.745,1665.75
4.002627092236232,1.4929587436637444,25.06926632112397,1.4995,4.745,1673.985
4.00364896839101,1.4908625342706765,25.08517262258943,1.4995,4.745,1682.266
4.004005957421936,1.4906308714489438,25.093862391511124,1.4995,4.745,1690.547
4.004730347261961,1.4906936644373183,25.11079803093974,1.4995,4.745,1698.938
4.005348517801664,1.4891537347347596,25.12866418641947,1.4995,4.745,1707.203
4.005334267415656,1.49342547929542,25.148202879593622,1.4995,4.745,1715.61
4.006773492076179,1.4936246556137525,25.168602863928815,1.4995,4.745,1724.0
4.007682618736814,1.4892010143316252,25.174767965534503,1.4995,4.745,1732.485
4.007844650571244,1.4925939869836171,25.17953817573544,1.4995,4.745,1740.969
4.008176410796755,1.4914117932467608,25.20567398532043,1.4995,4.745,1749.5
4.009223741139518,1.490319881923367,25.213257292703563,1.4995,4.745,1758.078
4.009396726263787,1.4932497071052215,25.23803198072937,1.4995,4.745,1766.703
4.010836098159976,1.4953677896669832,25.2543513278844,1.4995,4.745,1775.344
4.01123502701642,1.4923074076570475,25.2654274718348,1.4995,4.745,1784.031
4.012206267286751,1.492662250892813,25.28149522707788,1.4995,4.757,1792.766
4.0126838397216495,1.4913672632744082,25.294655413101392,1.4995,4.757,1801.531
4.0135366715613525,1.4940128108764474,25.31235555310608,1.4995,4.757,1810.047
4.01426046523972,1.4896632797655829,25.336729274102165,1.4995,4.757,1818.656
4.014769721435131,1.486823295298769,25.34448796284572,1.4995,4.757,1827.219
4.015574407164842,1.4912963154104348,25.364271019623907,1.4995,4.757,1835.844
4.016181840928319,1.4853441475936964,25.385104393851005,1.4995,4.757,1844.453
4.016894386066324,1.4928661479828655,25.40006434039708,1.4995,4.757,1853.219
4.017286382911389,1.4924258491287572,25.421156540113987,1.4995,4.757,1861.906
4.018444139474989,1.4920336867128796,25.44049690394939,1.4995,4.757,1870.641
4.019121438322738,1.4917213394355069,25.44805888800112,1.4995,4.757,1879.406
4.019909067023784,1.490892588445886,25.45301016788533,1.4995,4.757,1888.219
4.020746786960065,1.4913075593105884,25.48033890547667,1.4995,4.757,1897.047
4.021460083789201,1.4920262450364423,25.48929603553127,1.4995,4.757,1905.938
4.022085046650779,1.493825322357366,25.49968693406493,1.4995,4.757,1914.828
4.023188309100081,1.492813979843686,25.5194640186125,1.4995,4.757,1923.813
4.023699566880542,1.4901613418990496,25.5385639399942,1.4995,4.757,1932.797
4.024367580478515,1.4947422246913151,25.56538148512176,1.4995,4.77,1941.828
4.0255685905108125,1.4911281700551562,25.579926217407408,1.4995,4.757,1950.875
4.026266660871694,1.4905386456771328,25.59792195225164,1.4995,4.77,1959.969
4.0268077701061085,1.4925119916406369,25.610041226540048,1.4995,4.77,1969.063
4.027660241738765,1.4930788160614932,25.62751001454866,1.4995,4.77,1978.203
4.028669999788272,1.4893402812173957,25.64629064953352,1.4995,4.77,1987.422
4.029558291418959,1.49133166008813,25.658872032849136,1.4995,4.77,1996.594
4.030196450245421,1.4906454516835506,25.67264335136641,1.4995,4.77,2005.875
4.031036892582788,1.4887102982946203,25.683028550215056,1.4995,4.77,2014.453
4.031830786544254,1.4905677096035312,25.712014155768124,1.4995,4.77,2023.141
4.032562113764715,1.490119243422061,25.728748280149546,1.4995,4.77,2031.828
4.033710303076391,1.494378732942223,25.740332323253845,1.4995,4.77,2040.531
4.034629249159888,1.4908184133909477,25.75105092434249,1.4995,4.77,2049.235
4.035213201441478,1.490154803413524,25.77411142701567,1.4995,4.77,2058.0
4.036278072632054,1.492436249524567,25.783589926781374,1.4995,4.77,2066.766
4.03679920820373,1.4912923395605675,25.80227834946031,1.4995,4.783,2075.547
4.03793667826272,1.4930423016988343,25.81851701895904,1.4995,4.783,2084.422
4.038710322820133,1.4903391561801236,25.82627050113329,1.4995,4.77,2093.297
4.039467916469685,1.4936148254109638,25.84863996014911,1.4995,4.783,2102.141
4.040555293157594,1.4911288891627317,25.870913700459347,1.4995,4.783,2111.078
4.041500184143308,1.4902672724824275,25.885059797087155,1.4995,4.783,2120.063
4.041989534217919,1.4900987358620672,25.90467060920957,1.4995,4.783,2128.985
4.043138715133096,1.49099755310529,25.92610489845882,1.4995,4.783,2137.969
4.04402162230625,1.4909381611599388,25.93856350116556,1.4995,4.783,2147.063
4.044842984128597,1.4926377124357924,25.9484525069063,1.4995,4.783,2156.156
4.045845062804431,1.4900913983918838,25.97220525188589,1.4995,4.783,2165.328
4.046799208680737,1.493467517561974,25.992027143200715,1.4995,4.783,2174.453
4.047785047492029,1.4933281050355098,26.007399133838064,1.4995,4.783,2183.578
4.048805087721,1.4904695165779358,26.01994191663677,1.4995,4.783,2192.735
4.049644806933459,1.491477253553884,26.04558821736126,1.4995,4.783,2201.969
4.0506188814115305,1.4899468499923427,26.06494078281311,1.4995,4.796,2211.235
4.0516678425499455,1.4922457690101378,26.079073568271276,1.4995,4.796,2220.516
4.052768474022686,1.4907669655293545,26.088576708059627,1.4995,4.796,2229.922
4.053385092207134,1.4917687206901769,26.097746261166577,1.4995,4.796,2239.328
4.054738589225483,1.4919023493813093,26.128679886330943,1.4995,4.796,2248.735
4.055726891184326,1.4931169902905468,26.143289701123308,1.4995,4.796,2258.156
4.056884246593144,1.4914840225616872,26.15630595556162,1.4995,4.796,2267.656
4.057972067455704,1.4911531698244238,26.17796621257949,1.4995,4.796,2277.203
4.0589296194232025,1.4931213162574533,26.194775430890264,1.4995,4.796,2286.719
4.059905499158114,1.4920470084726494,26.212813338732666,1.4995,4.796,2296.328
4.060881337149895,1.488853562237361,26.233681435709972,1.4995,4.796,2305.906
4.062231578137909,1.4901290567283894,26.246215390107725,1.4995,4.796,2315.594
4.063237350351734,1.4901458704695365,26.26735372775593,1.4995,4.808,2325.281
4.064332375169179,1.49148291567571,26.29138529516972,1.4995,4.808,2334.953
4.065670408786947,1.490884751183967,26.307018021313496,1.4995,4.808,2344.688
4.066448534160254,1.490434945298862,26.314864948907964,1.4995,4.808,2354.5
4.06771968684488,1.491709631035369,26.34005801729194,1.4995,4.808,2364.344
4.068983137629504,1.493122138742056,26.356891519958225,1.4995,4.808,2374.156
4.069976534957251,1.494047156504187,26.367369404756783,1.4995,4.808,2384.094
4.071119639929336,1.4902025702882329,26.399249129105826,1.4995,4.808,2394.047
4.0726625254318325,1.4916298454204358,26.405774284402582,1.4995,4.808,2404.047
4.073765586144657,1.4912168221373856,26.41426376486946,1.4995,4.808,2414.063
4.075197803506118,1.4895693683390594,26.4440252423463,1.4995,4.821,2424.11
4.076106852212219,1.4917906927217597,26.455150796600574,1.4995,4.821,2434.25
4.077419883194933,1.4925334593543569,26.46942068727125,1.4995,4.821,2444.36
4.078699428094616,1.490620483366618,26.504332716419206,1.4995,4.821,2454.578
4.080025828469031,1.4908463758806918,26.5164624771737,1.4995,4.821,2464.781
4.081190058845074,1.491860932650518,26.53526021585813,1.4995,4.821,2475.016
4.082558671238299,1.4926238945250525,26.54855831849064,1.4995,4.821,2485.281
4.083929539223321,1.487481940573944,26.57671665552608,1.4995,4.821,2495.61
4.085403770388681,1.491706234338202,26.58596476356258,1.4995,4.821,2505.953
4.086500485038736,1.4902972774192107,26.61443703225433,1.4995,4.821,2515.641
4.087553998499864,1.4913208469696344,26.62876824999852,1.4995,4.834,2525.36
4.089135047208996,1.4907911905484217,26.64162679581437,1.4995,4.834,2535.11
4.090303569108912,1.4910186999811892,26.66158823835523,1.4995,4.834,2544.891
4.091873708858138,1.4921663027196663,26.666139042867783,1.4995,4.834,2554.656
4.092974640115835,1.491427516384837,26.68139522817174,1.4995,4.834,2564.5
4.09445083281214,1.4928319620878323,26.703121961695484,1.4995,4.834,2574.328
4.095607001029662,1.495670255265337,26.737827335732717,1.4995,4.834,2584.188
4.096941953129342,1.4900785561363914,26.75838550765789,1.4995,4.834,2594.172
4.098431577011127,1.4911065879683705,26.7712487033652,1.4995,4.834,2604.094
4.0994867974090194,1.4920321490760513,26.787188929378665,1.4995,4.834,2614.078
4.100913884249614,1.4936312684993582,26.7992555422314,1.4995,4.846,2624.031
4.102489301543887,1.493478687040597,26.821435639352195,1.4995,4.846,2634.11
4.103680093058726,1.4934411311279685,26.838303339121417,1.4995,4.846,2644.203
4.105257521736302,1.4909131635185426,26.85347133296261,1.4995,4.846,2654.328
4.106440297467839,1.4933127810690767,26.876024695922855,1.4995,4.846,2664.485
4.108132210904162,1.4944104103875628,26.88558599001216,1.4995,4.846,2674.625
4.109552660013855,1.4933692223543538,26.90226403999912,1.4995,4.846,2684.86
4.1111114278721566,1.4908426597852624,26.91233035251381,1.4995,4.846,2695.156
4.112535076162067,1.492353098449411,26.934200788290127,1.4995,4.859,2705.469
4.114003812380989,1.4925243905843972,26.966263642838832,1.4995,4.859,2715.828
4.115540551706397,1.4918182270118288,26.975127030381863,1.4995,4.859,2726.188
4.116916307122822,1.4912624165311237,26.988899651566346,1.4995,4.859,2736.61
4.118677611542172,1.4927427404246758,27.015964636743306,1.4995,4.859,2747.11
4.120123079095038,1.4910766966793143,27.027517813853542,1.4995,4.859,2757.531
4.121825124348794,1.491149180904766,27.05373044613821,1.4995,4.859,2768.031
4.123238220101689,1.4932619573413233,27.074826318355385,1.4995,4.859,2778.563
4.124884953939073,1.4918473432742865,27.105007779713045,1.4995,4.859,2789.11
4.126440397754741,1.4902924676459175,27.11568308092566,1.4995,4.859,2799.75
4.12785727404914,1.492013291047522,27.136849045777403,1.4995,4.872,2810.391
4.129453244268526,1.4912495703587254,27.154702642616662,1.4995,4.872,2821.125
4.131249180152794,1.488830724907206,27.161438047404754,1.4995,4.872,2831.844
4.132955187835425,1.489918188819447,27.18910628209752,1.4995,4.872,2842.547
4.13441728586245,1.4905858358610031,27.211839771998136,1.4995,4.872,2853.328
4.136308994526375,1.4942304208118895,27.237347579579104,1.4995,4.872,2864.063
4.137970542802696,1.4924992512212032,27.25352266584802,1.4995,4.884,2874.875
4.139516896694195,1.490979912665994,27.268077170279334,1.4995,4.884,2885.75
4.140985052864523,1.4939609319981444,27.28342142285351,1.4995,4.884,2896.688
4.142943287961205,1.4918565963870627,27.30752464348854,1.4995,4.884,2907.703
4.144470249193558,1.491443299009327,27.3277044956513,1.4995,4.884,2918.703
4.146048548568587,1.4927879845251213,27.35097589963573,1.4995,4.884,2929.766
4.147791730487237,1.4911939184065246,27.377037395351355,1.4995,4.884,2940.875
4.149503933159143,1.489213133277074,27.393266234968923,1.4995,4.884,2952.078
4.151114670270074,1.4926731550037162,27.4272587020652,1.4995,4.884,2963.297
4.152967895053592,1.4905195000869766,27.440704043725884,1.4995,4.897,2974.453
4.154658355270152,1.4908555422385066,27.46369660990572,1.4995,4.897,2985.703
4.156298713332263,1.4914079306073185,27.490398256023,1.4995,4.897,2997.047
4.158226471559055,1.4888563786418227,27.517400461636157,1.4995,4.897,3008.375
4.159939797103783,1.4914522702502775,27.5435597298528,1.4995,4.897,3019.031
4.161307255232968,1.4938177911492918,27.563483281086107,1.4995,4.897,3029.75
4.1629200254837055,1.4886350712665302,27.59568224445882,1.4995,4.91,3040.422
4.164784812038837,1.4917653723774047,27.623757482437988,1.4995,4.897,3051.235
4.166459105173788,1.4906242459599413,27.64402332813781,1.4995,4.91,3062.063
4.167887991801954,1.4920174332507126,27.69031456888846,1.4995,4.91,3073.281
4.169889623618363,1.492403345307589,27.723618875997357,1.4995,4.91,3084.297
4.171617434776431,1.4942578991827844,27.74604843817152,1.4995,4.91,3095.391
4.173299177391396,1.4928876790532772,27.75821068097663,1.4995,4.91,3106.469
4.174959293268839,1.4924233260949915,27.797405981391684,1.4995,4.91,3117.641
4.176846929198901,1.4922180055655292,27.832564799174627,1.4995,4.91,3128.735
4.178537989751447,1.491533291069297,27.865526013503143,1.4995,4.922,3139.844
4.180561791507991,1.4932897522027295,27.891229587830164,1.4995,4.922,3151.031
4.182256991439446,1.487731540971077,27.9263175421926,1.4995,4.922,3162.328
4.183820531541429,1.491579273288558,27.970569736916904,1.4995,4.922,3173.625
4.185817113115781,1.4904377071062251,27.99365410008324,1.4995,4.922,3185.391
4.188169838296743,1.493189999773311,28.02393958249071,1.4995,4.922,3196.906
4.190076250338307,1.4883214085601932,28.055025477062863,1.4995,4.935,3208.453
4.191981121835464,1.4916531119274663,28.09188213931673,1.4995,4.935,3220.094
4.193867165417229,1.4900949149687286,28.12899481047973,1.4995,4.935,3231.735
4.195651823232111,1.4908223157962357,28.1699938823983,1.4995,4.935,3243.406
4.197682752147544,1.4927282661184291,28.1978927016089,1.4995,4.935,3255.094
4.19980606481166,1.489825549056345,28.24150784091348,1.4995,4.935,3266.688
4.201805982111576,1.491393299727871,28.29006262219948,1.4995,4.948,3278.453
4.204148098012452,1.4926419710257832,28.31705774594019,1.4995,4.948,3290.563
4.2062114488106905,1.490819332166971,28.345388306297668,1.4995,4.948,3302.5
4.208406400275768,1.4906058349089852,28.38216971059021,1.4995,4.948,3314.5
4.208888106304259,1.469873623027662,28.41452296732051,1.4782,4.935,3326.469
4.208603559051514,1.44378547345145,28.437862860943135,1.4526,4.922,3338.828
4.208390275213319,1.4179213726881978,28.467578985306293,1.4275,4.91,3351.0
4.207753962703227,1.3950255697465537,28.49404431178509,1.4019,4.897,3363.25
4.206889013189591,1.368236239522253,28.53139235746201,1.3763,4.884,3375.594
4.207962337005206,1.363462157331652,28.55084588120452,1.3736,4.884,3387.938
4.207395343452966,1.3439996366268492,28.56601078567135,1.3496,4.872,3400.375
4.208648132931298,1.33904853406816,28.585750909330923,1.3468,4.872,3412.875
4.207603931308835,1.3119734248547128,28.59890468105004,1.3218,4.859,3425.422
4.207254856902584,1.2911116174303043,28.60701549266767,1.2972,4.846,3438.0
4.208078538399479,1.2888363841043118,28.61599273614404,1.2951,4.846,3450.61
4.20769479595375,1.2634669713382989,28.639243249958948,1.2689,4.834,3463.235
4.208594734977309,1.2616794191323235,28.63121120298388,1.2667,4.834,3475.86
4.208233227746153,1.232747514822841,28.63141122533122,1.2416,4.821,3488.594
4.209557883918089,1.2295514584415683,28.625854140527515,1.24,4.821,3501.313
4.208469559162467,1.2067626040122272,28.621123114933862,1.2144,4.808,3513.438
4.209274620834024,1.203736229178766,28.610202903189936,1.2128,4.808,3525.61
4.209270758915356,1.1810496652673574,28.619439265126484,1.1871,4.796,3537.813
4.210101898680601,1.1792922330159346,28.60320837679221,1.186,4.796,3550.094
4.209618980799505,1.1546461650039066,28.56958992300765,1.1593,4.783,3562.36
4.208343593168486,1.1304338582847784,28.552322145444126,1.1354,4.77,3574.688
4.209345437098296,1.1278289427169643,28.545821129731188,1.1337,4.77,3587.031
4.208568911730491,1.103102315444728,28.528805592632523,1.1092,4.757,3599.438
4.207659888579968,1.0779370317744874,28.502641456161285,1.0847,4.745,3611.813
4.208560067370254,1.078935069578649,28.483363712851418,1.083,4.745,3624.297
4.209405459174154,1.0753116086867365,28.470841129998806,1.0814,4.745,3636.781
4.210579303624156,1.072315001177408,28.42919316708167,1.0798,4.745,3649.344
4.209873225605871,1.045727873957066,28.401714650517988,1.053,4.732,3661.938
4.20897020483537,1.023535910242348,28.368228814490116,1.0285,4.719,3674.547
4.208029938981484,0.9985135474225568,28.341397077570026,1.0051,4.707,3687.219
4.208468099177886,0.9953568527856452,28.312661227410292,1.0034,4.707,3699.938
4.209287447749457,0.9914117012451008,28.26909788627471,1.0013,4.707,3712.594
4.21035988585007,0.9946602721073776,28.22841910608199,0.9996,4.707,3725.328
4.209591933187386,0.9689243725257146,28.21053382464848,0.9751,4.694,3738.141
4.2084258588828245,0.9443729169255316,28.16670303804233,0.95,4.681,3750.969
4.208985476121971,0.9400982909829256,28.13280763440165,0.9489,4.681,3763.735
4.209674323803884,0.9400632815743256,28.084064617998425,0.9473,4.681,3776.531
4.208656009564393,0.9199192619335754,28.036475669914456,0.9233,4.669,3789.438
4.2091597080485625,0.9171755266719188,27.99134861509248,0.9222,4.669,3802.36
4.210035577705617,0.9124157830030982,27.958704038057235,0.92,4.669,3815.36
4.210850595220153,0.9122916710629568,27.915344110147068,0.919,4.669,3828.313
4.210129228331687,0.8886720622600927,27.88211098017228,0.8944,4.656,3841.391
4.208740132852411,0.8640790262126906,27.839183087880443,0.8704,4.643,3854.594
4.209525993667103,0.8638385509909171,27.813881344384622,0.8699,4.643,3867.813
4.209937181949073,0.8651064566073966,27.76458526077295,0.8677,4.643,3881.125
4.208902640113411,0.8405848238271698,27.715430162244,0.8432,4.631,3894.375
4.208943351577146,0.8383275825089423,27.6907007973806,0.8421,4.631,3907.672
4.209862724151766,0.8358971820692485,27.644595609305046,0.8416,4.631,3921.0
4.21048412064831,0.8346328296693287,27.606138144677324,0.8399,4.631,3934.438
4.2111503661043335,0.8318447062101878,27.569729727316066,0.8383,4.631,3947.86
4.210198249124401,0.8053267933565245,27.535335550410835,0.8143,4.618,3961.344
4.211138638425429,0.8078612847609057,27.493693650148195,0.8127,4.618,3974.844
4.209845979804087,0.7860886294203693,27.46432176213071,0.7887,4.605,3988.438
4.210147080644608,0.780439329888915,27.42948594686702,0.7876,4.605,4002.031
4.210669779834436,0.7829421848891941,27.40248892535464,0.787,4.605,4014.891
4.209834298542541,0.7577610832157746,27.38309642869322,0.7625,4.593,4027.875
4.210208997236208,0.7542771320309876,27.340790133693076,0.7614,4.593,4040.86
4.210624507043396,0.7569174037916382,27.310125424197945,0.7609,4.593,4053.766
4.210837043685229,0.7611532380102111,27.27223095281727,0.7598,4.593,4066.875
4.212013985095657,0.7525150327520174,27.23897830295807,0.7582,4.593,4079.938
4.21125927225448,0.731503783894607,27.215609610252947,0.7353,4.58,4093.016
4.209807901517684,0.7093440654076775,27.20102543471694,0.7118,4.567,4106.188
4.210240536215108,0.7108015255355618,27.147835380250378,0.7107,4.567,4119.344
4.210499386510017,0.7062472943626802,27.11405770044864,0.7107,4.567,4132.547
4.211054327859505,0.705185595928422,27.09460929077105,0.7091,4.567,4145.75
4.209517503173519,0.6813720619161788,27.08587902866887,0.6857,4.555,4159.141
4.210579915423494,0.6821366860243198,27.04200692373224,0.6851,4.555,4172.656
4.210720361409355,0.6787277898921655,27.00615834518088,0.684,4.555,4186.125
4.211444849083185,0.6767714712244677,26.98635738201829,0.6824,4.555,4199.656
4.212383335971128,0.6763814489332621,26.95843586894853,0.6813,4.555,4213.188
4.2115714379902665,0.6521664370558714,26.935878517517438,0.6573,4.542,4226.656
4.20962806048863,0.6294251988979853,26.912297358852484,0.6333,4.529,4240.266
4.209795334362847,0.6311358843337734,26.879936793148104,0.6328,4.529,4254.0
4.210087881964146,0.627586848485752,26.858478502115403,0.6317,4.529,4267.625
4.210700721244984,0.6254028733455362,26.82609614810964,0.6312,4.529,4281.297
4.211263672318768,0.626090475096506,26.785866578182485,0.6295,4.529,4295.016
4.211836648185629,0.6246367481923836,26.770865658265887,0.6284,4.529,4308.766
4.210584066256118,0.6028531630430424,26.752775438077958,0.6044,4.517,4322.61
4.211029094852841,0.6003217118914241,26.724090541225504,0.6039,4.517,4336.453
4.2115755869638285,0.6003873250142845,26.693585651394628,0.6028,4.517,4350.406
4.210566930336107,0.5763012177346059,26.66569863350478,0.5788,4.504,4364.406
4.210434985199675,0.5741820477399695,26.64338939577117,0.5788,4.504,4378.328
4.210984066638249,0.5731852737432414,26.620268196077767,0.5777,4.504,4392.281
4.211421454343451,0.574147182745601,26.59775986310051,0.5766,4.504,4406.344
4.211924971796085,0.5730479178003112,26.5763323685774,0.5756,4.504,4420.375
4.211122245257836,0.5474500781431096,26.562124477195585,0.5516,4.491,4434.375
4.21085720967666,0.5478464098905792,26.52584948380885,0.551,4.491,4448.578
4.211624310649866,0.5447555113253125,26.51240797765673,0.5505,4.491,4462.766
4.2101740194762005,0.5208448268846949,26.490849931986283,0.5254,4.479,4477.078
4.210297590875319,0.5222037678346826,26.477923536055517,0.5254,4.479,4491.438
4.210682596871665,0.5225259668927644,26.43909503821729,0.5243,4.479,4505.86
4.2112696507107295,0.5187922217213325,26.4086574166047,0.5232,4.479,4519.656
4.211420521165359,0.5203329264007553,26.409690556460504,0.5227,4.479,4533.406
4.212056865341639,0.5150003736359031,26.37659712425689,0.5216,4.479,4547.235
4.212501590580027,0.5141364469794906,26.351206998394236,0.52,4.479,4561.063
4.2131235372871645,0.5144019743928322,26.334798293394783,0.5194,4.479,4574.969
4.21192655225581,0.4925553134379248,26.30318447426878,0.4954,4.466,4588.938
4.21203329899428,0.4914961409658214,26.29025852273237,0.4949,4.466,4602.906
4.212660275512825,0.491682506420936,26.277313113676158,0.4943,4.466,4616.922
4.211218435262517,0.4688643087707403,26.256094168832963,0.4709,4.453,4630.969
4.211170730687173,0.46822002255585,26.22241996163438,0.4704,4.453,4644.985
4.211546050280462,0.4688061565279297,26.200686274981727,0.4704,4.453,4659.188
4.21196828303612,0.4682725382253094,26.174527758450324,0.4693,4.453,4673.328
4.210528778620586,0.4429720577937107,26.14532229377544,0.4458,4.44,4687.406
4.210783812961662,0.4444874256144536,26.12433602184913,0.4453,4.44,4701.703
4.211068732699822,0.442022853477818,26.121159700201595,0.4453,4.44,4716.078
4.21139493767153,0.4449668968093295,26.10301355309055,0.4442,4.44,4730.422
4.211787282333278,0.4382964989594465,26.086148347775367,0.4436,4.44,4744.813
4.210483104348128,0.4155224638249053,26.05735232943056,0.4191,4.428,4759.281
4.210328398300703,0.4174414099718531,26.04509693830648,0.4191,4.428,4773.86
4.210712301195757,0.4163916981983819,26.010808450965467,0.4186,4.428,4788.344
4.210934325172881,0.4172382691476761,25.98405603434365,0.4175,4.428,4802.969
4.211416722490645,0.4127512785732173,25.98174471098271,0.4169,4.428,4817.641
4.211814595455184,0.4120694223558055,25.96380998014473,0.4159,4.428,4832.328
4.212081817102892,0.409626328687296,25.94353882566089,0.4153,4.428,4846.922
4.2127765220848525,0.4143309283116778,25.91526535464793,0.4148,4.428,4861.578
4.211362005877218,0.3861758653398725,25.89687118001525,0.3908,4.415,4876.235
4.211243827568154,0.3866249804340151,25.88708574903977,0.3902,4.415,4891.094
4.211865711930221,0.3876174747744239,25.862002706155565,0.3902,4.415,4905.922
4.21200256739678,0.3880107041570009,25.84182081646749,0.3897,4.415,4920.875
4.212067858362806,0.3848945347454887,25.825625101938897,0.3886,4.415,4935.781
4.212646294003873,0.3858455749558609,25.81227251972745,0.3881,4.415,4950.766
4.2111146750844615,0.3619757301497883,25.797352035935088,0.3646,4.402,4965.766
4.211338589514822,0.3643847685274859,25.77345589063214,0.3646,4.402,4980.86
4.211694654065103,0.3611719077311629,25.75755597512511,0.3641,4.402,4996.031
4.211807491920805,0.3606977834404887,25.75058609385408,0.3635,4.402,5011.172
4.211910921391684,0.3597309941610137,25.72136551868439,0.363,4.402,5025.063
4.212556732128504,0.3597419215879745,25.70601830110039,0.3619,4.402,5038.922
4.211257790937625,0.3345498279279082,25.694219489440854,0.339,4.39,5052.891
4.211109246278288,0.3379426766176436,25.671826241976778,0.339,4.39,5066.813
4.211375505351499,0.3337683934031389,25.664296879168944,0.3384,4.39,5080.813
4.211279135332768,0.3352319335567105,25.64430293992476,0.3379,4.39,5094.922
4.211648395900621,0.3355781402707559,25.624753042849196,0.3374,4.39,5108.985
4.212043280656028,0.3380633071677429,25.61955015736176,0.3368,4.39,5123.156
4.212237185204328,0.332717132625736,25.601961669250027,0.3363,4.39,5137.313
4.212907708869062,0.3336449470134454,25.58468309676637,0.3352,4.39,5151.547
4.212926996580945,0.3284452977278257,25.572393107003464,0.3352,4.39,5165.766
4.213124832014223,0.3322794318288233,25.55808388169071,0.3341,4.39,5180.016
4.213889230199722,0.3326655039685312,25.54077463555845,0.3335,4.39,5194.219
4.212384124578741,0.3069462382370803,25.516249298121632,0.3096,4.377,5208.625
4.212226856725646,0.3078193235886945,25.50650678816997,0.3096,4.377,5223.016
4.212224101417913,0.3055160648181111,25.495333987186584,0.3085,4.377,5237.531
4.212563286696018,0.305111289393144,25.48240857520329,0.3085,4.377,5252.016
4.211035056211582,0.2819269647228483,25.465374995649505,0.285,4.364,5266.563
4.211016831940112,0.2841924757543316,25.440156777408667,0.2856,4.364,5281.188
4.211109905929358,0.2852723640437664,25.43731684182366,0.2856,4.364,5295.781
4.21129433390545,0.283506519036646,25.410768314521725,0.285,4.364,5310.453
4.21128354720697,0.2820458508703088,25.404283754914843,0.2845,4.364,5325.203
4.211637717441561,0.2787136100740003,25.384178787168377,0.2845,4.364,5340.0
4.211842402558905,0.2823363783376086,25.364581789190847,0.2839,4.364,5354.797
4.212083856597672,0.281339002342939,25.359006507270937,0.2834,4.364,5369.578
4.212240349463393,0.277460452772437,25.352300043976932,0.2829,4.364,5384.438
4.212841983752639,0.2800784088089078,25.34389775853398,0.2818,4.364,5399.375
4.211075041632149,0.2550155854202596,25.32462656023966,0.2589,4.352,5414.328
4.211148240565854,0.2564902142796641,25.309022575627488,0.2594,4.352,5429.36
4.211195852628743,0.2586567144565838,25.299960101333337,0.2589,4.352,5444.406
4.211182931409758,0.2561772403700263,25.29045663332029,0.2589,4.352,5459.406
4.2115237273680615,0.2558918098334801,25.27060997089293,0.2578,4.352,5474.391
4.211739511492179,0.2547998423021438,25.266038362318994,0.2578,4.352,5489.594
4.212134764295102,0.2563197697751813,25.23355846812256,0.2572,4.352,5504.86
4.212097023348455,0.2555953549505216,25.23612851543684,0.2567,4.352,5520.203
4.212447460496751,0.2525071114604258,25.21830557277456,0.2561,4.352,5535.563
4.2127576686870745,0.2562841877854503,25.197201956978287,0.2556,4.352,5550.938
4.212860051142708,0.2533721700659123,25.183133782217958,0.2551,4.352,5566.297
4.2132681017861024,0.2515639986088875,25.162368967886167,0.2545,4.352,5581.735
4.213495281869913,0.2537115292700967,25.169293378160823,0.254,4.352,5597.11
4.2138680308138605,0.2521204735072826,25.14579576716928,0.2534,4.352,5612.656
4.212412257661048,0.2281594149291725,25.133797525998663,0.2305,4.339,5628.235
4.212233719315274,0.2292424065101548,25.124360100732652,0.2305,4.339,5643.813
4.212538249124768,0.2286812622019913,25.113681489695285,0.23,4.339,5659.406
4.212599530176817,0.2279894795725066,25.105824318759915,0.2294,4.339,5675.078
4.212634855477906,0.2275000589394553,25.102890506503257,0.2294,4.339,5690.781
4.2128428038594325,0.2283972986476296,25.0862679380538,0.2289,4.339,5706.547
4.213164761705115,0.2268441308100727,25.07251768171198,0.2283,4.339,5722.281
4.213204037103434,0.2252079000154378,25.05673527911905,0.2278,4.339,5738.141
4.21341065293801,0.2192779361441081,25.044604562964143,0.2273,4.339,5754.0
4.213715716833864,0.2270206179499897,25.02612604597641,0.2267,4.339,5769.906
4.212037400316286,0.199504247303796,25.02071333557749,0.2033,4.326,5785.797
4.212116794460949,0.2020407878799309,25.021966399095398,0.2033,4.326,5801.844
4.2121489631272855,0.1993116293218217,25.00007883386168,0.2033,4.326,5817.891
4.212011328390664,0.1975486687068286,24.98464933553208,0.2033,4.326,5833.969
4.212669799035486,0.1998405117064296,24.975879569777856,0.2022,4.326,5850.125
4.213013512088085,0.1992726478267417,24.95975231813449,0.2022,4.326,5866.25
4.213016855379332,0.1971311099769349,24.962187442264344,0.2022,4.326,5882.516
4.212884418720007,0.1996026944885706,24.95282700990314,0.2016,4.326,5898.797
4.212850854381124,0.1988177640732934,24.95145661189589,0.2011,4.326,5915.156
4.213343007642598,0.1949095956229728,24.94268304265023,0.2005,4.326,5931.547
4.213638777680036,0.197485777730208,24.921885933958507,0.2,4.326,5948.016
4.211806611081257,0.1775726578469812,24.90895081040401,0.1777,4.314,5964.5
4.21177468806034,0.1729533423973978,24.90142077884413,0.1777,4.314,5980.922
4.2116708819796616,0.1751138112195102,24.888055930726136,0.1777,4.314,5997.422
4.211859020653664,0.1743140370436804,24.88526165566652,0.1777,4.314,6013.985
4.212140437985147,0.1732310675310678,24.8807944320943,0.1771,4.314,6029.375
4.212252557425279,0.1751989802305591,24.861090964443385,0.1771,4.314,6044.797
4.212158486176098,0.1772565906717838,24.85875585461129,0.1766,4.314,6060.344
4.212668333411837,0.1751947275537987,24.856528646370357,0.1766,4.314,6075.891
4.212519948682397,0.1732542827969482,24.85078400658495,0.176,4.314,6091.438
4.212871516198095,0.1730293100087512,24.83733812292725,0.1755,4.314,6107.047
4.21294917210367,0.1777573337640183,24.818290317398272,0.1755,4.314,6122.703
4.212981573939499,0.1728946926171563,24.81524305030345,0.1749,4.314,6138.406
4.213235089673637,0.1734360231966447,24.79995357394148,0.1749,4.314,6154.219
4.213489924873107,0.1758392908796247,24.803806273748755,0.1744,4.314,6170.078
4.213591111463707,0.1695550870534017,24.791601542148506,0.1738,4.314,6185.938
4.2120366840313705,0.1488149208376936,24.7734323386803,0.1509,4.301,6201.781
4.211863915983502,0.1510506100896249,24.76440134595111,0.1509,4.301,6217.719
4.2118911246062005,0.1490569897266447,24.766278985536,0.1515,4.301,6233.735
4.212105377282899,0.1447187391690537,24.762469146114064,0.1509,4.301,6249.797
4.212009922886304,0.1535793299463882,24.76225437347189,0.1509,4.301,6265.891
4.212057281899083,0.1516261949209583,24.735004035960767,0.1509,4.301,6281.985
4.212173029711271,0.1507273763604194,24.73024534790729,0.1504,4.301,6298.141
4.212195389147367,0.1514536084635676,24.72706330451712,0.1504,4.301,6314.375
4.212471708767338,0.149472578717706,24.73013568648881,0.1504,4.301,6330.594
4.212510493308018,0.1467262444765985,24.70152814988715,0.1499,4.301,6346.828
4.2125734532154056,0.1470767898101461,24.709028782420585,0.1493,4.301,6363.203
4.212831845461774,0.1487943527513666,24.692722953276785,0.1493,4.301,6379.578
4.212962629708898,0.1481640805982315,24.68288133927707,0.1488,4.301,6396.0
4.213180039341334,0.146706910476546,24.6858195747736,0.1488,4.301,6412.516
4.213162897432624,0.1465569943603829,24.671456049148063,0.1482,4.301,6429.11
4.213896514103045,0.1474582883869818,24.673014373267883,0.1477,4.301,6445.719
4.211837345217673,0.1239628224427276,24.670586417564223,0.1248,4.288,6462.375
4.211669533380256,0.1229134841911407,24.65851442143088,0.1253,4.288,6479.047
4.211744966798686,0.1259951476872072,24.66148457268693,0.1253,4.288,6495.719
4.211648553075532,0.12635883425062,24.659054261158904,0.1253,4.288,6512.422
4.211664213223528,0.121999190195424,24.635971649304494,0.1253,4.288,6529.203
4.2117803008060815,0.1245183758139063,24.620752072286272,0.1248,4.288,6546.031
4.211730054756179,0.1222076239528688,24.617988080104208,0.1253,4.288,6562.891
4.212016976807569,0.1222644131368156,24.616419058126752,0.1248,4.288,6579.797
4.212018996695779,0.1263036325029555,24.610258962952223,0.1248,4.288,6596.766
4.2120148961631925,0.1264475970330857,24.60419730655906,0.1242,4.288,6613.672
4.212144394804904,0.1212559288646488,24.604030542904013,0.1242,4.288,6630.672
4.212160175898471,0.1223538056086228,24.59574013440606,0.1237,4.288,6647.735
4.212416341834009,0.1235119975016215,24.58317863629644,0.1237,4.288,6664.828
4.212763720450481,0.1227287458144062,24.582331364924936,0.1231,4.288,6681.922
4.212770421909453,0.1234683065211234,24.5789326903658,0.1231,4.288,6699.156
4.212862711712358,0.1210429207269115,24.57737557291955,0.1226,4.288,6716.391
4.212827483895178,0.122839950083035,24.577038677287792,0.1226,4.288,6733.719
4.213010953831494,0.1212844610116945,24.55435701819586,0.1221,4.288,6751.094
4.213046223259792,0.1198102011289605,24.55912983610813,0.1215,4.288,6768.422
4.213662791538827,0.1203417874057216,24.548966968547685,0.1215,4.288,6785.797
4.21192248668762,0.0973819519866805,24.546575873666885,0.0975,4.276,6803.328
4.211418446448619,0.0985540080963479,24.532170446696195,0.0981,4.276,6820.828
4.211225187856211,0.0953475691839585,24.533694220996946,0.0981,4.276,6838.406
4.211293984289349,0.0978086932927461,24.524289917233208,0.0981,4.276,6855.891
4.211061858670772,0.0975327394890106,24.51354250120868,0.0986,4.276,6873.453
4.2114329549536205,0.0963580957389969,24.510482877266533,0.0986,4.276,6891.188
4.2113283329302655,0.0947982150782356,24.502576798953164,0.0981,4.276,6909.016
4.211412953513279,0.0952324123350188,24.50235882402099,0.0981,4.276,6926.844
4.211721545584768,0.097652336146959,24.48823587608771,0.0975,4.276,6944.688
4.2114023234867695,0.0969970796701041,24.48610080726225,0.0975,4.276,6962.531
4.2115797310606,0.0967211904717996,24.490719500250123,0.0975,4.276,6980.5
4.211747577388962,0.0968926521116758,24.484442684256877,0.0975,4.276,6998.485
4.211923759903369,0.0953957370265409,24.48295485690556,0.097,4.276,7016.61
4.211844741766267,0.0976157491733696,24.479759268596137,0.097,4.276,7033.391
4.211709150896142,0.0937653147276476,24.47147999353501,0.0964,4.276,7050.25
4.211983336811758,0.0935468409616654,24.460049990201,0.0964,4.276,7067.11
4.212218805376158,0.0980121397563099,24.45497432110525,0.0964,4.276,7084.11
4.212506746596897,0.0946594618744583,24.447904441451044,0.0959,4.276,7101.063
4.212319385987202,0.0961020570416362,24.443996786878813,0.0959,4.276,7118.172
4.212437134198242,0.0949770940711019,24.449158744511127,0.0959,4.276,7135.344
4.212576210705774,0.0920437343085207,24.441498572610183,0.0959,4.276,7152.516
4.212739737704992,0.0941235968350028,24.44634595741079,0.0953,4.276,7169.766
4.212907985438458,0.0934341551235493,24.429493388266643,0.0948,4.276,7187.0
4.213306735188286,0.094411864698128,24.43654456823389,0.0948,4.276,7204.297
4.213053033873574,0.0932483281370568,24.427875356929185,0.0948,4.276,7221.641
4.213099456467465,0.0932397757891824,24.422119691714176,0.0943,4.276,7239.078
4.213143875150152,0.090335982548118,24.41732264270944,0.0943,4.276,7256.5
4.2132462205747725,0.0915218807360676,24.405980876951038,0.0943,4.276,7274.016
4.21344258181679,0.0914654600231192,24.4136407337726,0.0937,4.276,7291.5
4.213667698553945,0.090776307569274,24.40415952147687,0.0937,4.276,7309.094
4.213550515222901,0.0945985429858519,24.3969991011146,0.0932,4.276,7326.688
4.21393535114206,0.0924284813257253,24.40130776541393,0.0932,4.276,7344.344
4.213865437699776,0.0917373660433272,24.39247240092268,0.0926,4.276,7361.953
4.214022662354527,0.0895494441560312,24.396782869621426,0.0926,4.276,7379.688
4.214256549548685,0.0905174949757142,24.37745931319495,0.0921,4.276,7397.5
4.214427497129039,0.0895760114696483,24.378776659976364,0.0921,4.276,7415.391
4.214587071382358,0.0902331396046376,24.377870564106413,0.0915,4.276,7433.235
4.212656910378172,0.0679701783925619,24.36958012328954,0.0686,4.263,7451.094
4.212591269397715,0.0683457732831606,24.366946359856755,0.0692,4.263,7468.906
4.212516003630332,0.0702673965004894,24.36433890146332,0.0697,4.263,7486.969
4.2122772687419126,0.0669142381049816,24.37007136773232,0.0697,4.263,7505.11
4.212260303252291,0.0671535850228514,24.36186427505097,0.0697,4.263,7523.297
4.212374402342229,0.0693454599586297,24.356933008677693,0.0697,4.263,7541.469
4.212629245505831,0.0663368668919582,24.35986565446864,0.0697,4.263,7559.735
4.212440883232636,0.0669071930854172,24.352739802537656,0.0697,4.263,7578.0
4.212562862709758,0.0689021889731327,24.33818742396984,0.0697,4.263,7596.344
4.212688840658635,0.0674332398572825,24.346650517526797,0.0692,4.263,7614.766
4.21272909458292,0.0661255426474182,24.339450481658663,0.0692,4.263,7633.219
4.212609861209537,0.0706749096537388,24.340929815667813,0.0692,4.263,7651.688
4.212591756175744,0.0673436131753447,24.332924395029053,0.0692,4.263,7670.188
4.212775939587566,0.066549422125696,24.33357212224416,0.0692,4.263,7688.781
4.212891494845973,0.0724062797146498,24.337565188947654,0.0692,4.263,7707.375
4.212827391253633,0.0678149424101734,24.32546861270836,0.0686,4.263,7726.047
4.213012390986012,0.0658596588586783,24.319587701442494,0.0681,4.263,7744.797
4.213318897232689,0.0658016663528309,24.32277941790095,0.0686,4.263,7763.578
4.212982024560761,0.0651963737798582,24.311582815150658,0.0681,4.263,7782.36
4.213190907746204,0.0667377804205032,24.321871021884384,0.0681,4.263,7801.188
4.2132665654865145,0.0667143791996364,24.31114520936885,0.0681,4.263,7819.906
4.213516184051072,0.0663871395069676,24.29973295266212,0.0675,4.263,7838.781
4.213801735820548,0.0645200337846816,24.290344416745743,0.0675,4.263,7857.766
4.213672670044264,0.0654262718335915,24.2878092894385,0.0675,4.263,7876.797
4.213375663001225,0.0650499159048504,24.290378272839245,0.0675,4.263,7895.86
4.213783897390458,0.0667775263415247,24.27683953726803,0.067,4.263,7915.031
4.213796131237963,0.0664487534962804,24.290793407552552,0.067,4.263,7934.172
4.214013202216737,0.0684937486031794,24.28286852795385,0.067,4.263,7953.328
4.213817735594622,0.067227952188824,24.28218620202304,0.0665,4.263,7972.344
4.214165412414225,0.0654648379984483,24.283224870205544,0.0665,4.263,7991.656
4.214130813852873,0.0662682578892887,24.283692377939897,0.0659,4.263,8011.047
4.214276718616681,0.0638978919105068,24.28527419874483,0.0659,4.263,8029.156
4.21423910865339,0.0635572785903708,24.284285346794864,0.0659,4.263,8047.406
4.214468426159077,0.0657084459561832,24.276716927162862,0.0659,4.263,8065.735
4.214336765808378,0.0648338170819659,24.285837831315614,0.0654,4.263,8084.047
4.214724856820342,0.0654143768600688,24.26872167208696,0.0654,4.263,8102.297
4.212640584998526,0.0438556345958616,24.25741461546659,0.0425,4.25,8120.625
4.212694606158324,0.0424478519786127,24.252036873304448,0.0436,4.25,8139.016
4.212508654667438,0.0420658813490654,24.272763659548698,0.0436,4.25,8157.469
4.212366095197604,0.0425236997548299,24.27240640679817,0.0436,4.25,8175.969
4.212289669424799,0.0409216470629056,24.26430282912509,0.0436,4.25,8194.578
4.212097358218548,0.0444562573925044,24.25255450123523,0.0441,4.25,8213.313
4.2120986822066575,0.0415093209737678,24.23510694729353,0.0441,4.25,8232.047
4.21233379808241,0.0439647583375241,24.226016869723704,0.0441,4.25,8250.844
4.212345709850595,0.0415438257731471,24.222061638972654,0.0436,4.25,8269.625
4.212157978587194,0.0419695486387656,24.240083887493157,0.0441,4.25,8288.469
4.212244803361141,0.0439212965292085,24.23768931899144,0.0441,4.25,8307.25
4.212188752888776,0.042171371555731,24.23137966154072,0.0436,4.25,8326.063
4.212308765133343,0.0413223175205459,24.236718451050265,0.0436,4.25,8344.797
4.212214806833051,0.0424422712507121,24.239263789204564,0.0436,4.25,8363.797
4.21219320128922,0.0430277306929077,24.21645503506004,0.0441,4.25,8382.969
4.212246835534317,0.0435276833894486,24.2282137766656,0.0436,4.25,8401.985
4.212417471563115,0.0415335274005038,24.218230271323627,0.0436,4.25,8420.953
4.212610591726738,0.0444126056429822,24.227313215731243,0.0436,4.25,8440.11
4.212556088650584,0.0411140931260757,24.22328788880412,0.0436,4.25,8459.188
4.212539611313451,0.0402340273931025,24.219029696054672,0.0436,4.25,8478.313
4.212482517091213,0.0413243868529621,24.21708687135504,0.0436,4.25,8497.391
4.212577134018004,0.0427929049189975,24.220385542908502,0.0436,4.25,8516.656
4.212472172742982,0.0415149927399163,24.21456654961328,0.0436,4.25,8536.016
4.212490619414375,0.043528288424112,24.214204238131057,0.043,4.25,8555.485
4.212772367674004,0.0411984471013414,24.208411841711527,0.043,4.25,8575.031
4.212736551172917,0.0403464082826012,24.201523977910977,0.0425,4.25,8594.594
4.212627950880444,0.0427067058022183,24.20710561241812,0.0425,4.25,8614.25
4.212627212956843,0.041985597818987,24.206973345379133,0.0425,4.25,8633.781
4.212676672832512,0.0407978804111027,24.21745357779391,0.043,4.25,8653.438
4.212745827859241,0.0407333030246343,24.20001418669528,0.0425,4.25,8673.11
4.213131294971106,0.0410792852372818,24.19258330567155,0.0425,4.25,8692.922
4.212941794650102,0.0404256389784631,24.204079239643825,0.0425,4.25,8712.781
4.21290878112917,0.0404816861766524,24.193507424029963,0.0425,4.25,8732.641
4.212993128787631,0.040711296180317,24.190049076342145,0.0425,4.25,8752.61
4.213165670355449,0.0429751740023724,24.200335937062103,0.0419,4.25,8772.578
4.213162390215583,0.0407602384576019,24.198529012364972,0.0419,4.25,8792.594
4.213020758573937,0.03938821397163,24.175083300468597,0.0419,4.25,8812.61
4.21326745910411,0.0384241389164325,24.16601358917045,0.0419,4.25,8832.641
4.213405814930102,0.0444936491743361,24.189119664146254,0.0414,4.25,8852.828
4.213350027036677,0.0379640129234023,24.174147288218432,0.0414,4.25,8872.985
4.213457093865164,0.0399976602360851,24.161532972057383,0.0414,4.25,8893.188
4.213416490225953,0.0392941680271758,24.15811661393581,0.0414,4.25,8913.578
4.213492670792304,0.038510322452595,24.17425527765848,0.0408,4.25,8933.844
4.213548741888908,0.0398923940524682,24.17331440221183,0.0414,4.25,8954.25
4.213556605043465,0.0385093727541979,24.177610658996716,0.0408,4.25,8974.672
4.213609435119246,0.0361989753836746,24.165045822348176,0.0408,4.25,8995.219
4.21372980900477,0.0382888438221862,24.161548860665683,0.0403,4.25,9015.75
4.213818799231236,0.0394034153276111,24.157059809649702,0.0408,4.25,9035.266
4.213743852142978,0.0384212166087233,24.160204949881432,0.0403,4.25,9054.844
4.213804319804283,0.0365990208064517,24.16253794586982,0.0403,4.25,9074.36
4.213892749778844,0.0414937026703071,24.163910947409548,0.0403,4.25,9094.0
4.213930206576712,0.0400230815517535,24.161128867603622,0.0403,4.25,9113.703
4.214420339761461,0.0383301154081238,24.169382864405087,0.0403,4.25,9133.406
4.214107639544961,0.0386656098092679,24.157088691529715,0.0397,4.25,9153.25
4.214266730122594,0.0388789167575864,24.14808827489773,0.0397,4.25,9173.078
4.214185261053732,0.0371118748528615,24.148819522256765,0.0397,4.25,9192.938
4.214133548224985,0.0329211459754892,24.14464372095634,0.0397,4.25,9212.86
4.214260639023167,0.0384305110112825,24.14285232689859,0.0397,4.25,9232.797
4.214435669656182,0.0390544358000378,24.157124149377527,0.0392,4.25,9252.797
4.2145173189937815,0.0343599123344989,24.15584825943873,0.0392,4.25,9272.891
4.214392266928965,0.038198134130032,24.14738533552265,0.0392,4.25,9293.063
4.214501599308955,0.0385585286541646,24.136922558385542,0.0392,4.25,9313.172
4.214629389581765,0.0401665367083459,24.126891799384374,0.0387,4.25,9333.266
4.212632226590718,0.0170754566309163,24.140075686585675,0.0163,4.238,9353.516
4.171010128778602,-0.0038926593788337,24.23575581228103,-0.0006,0.002,9373.75
4.1885761637495085,0.0011163612252045,24.3168374904814,-0.0006,0.002,9394.141
4.192587051779681,-0.0023284790093458,24.322299554727017,-0.0006,0.002,9414.531
4.1949680158224485,-0.0021706225347968,24.32101184155407,-0.0006,0.002,9434.906
4.1965142117484415,-0.0027069316192203,24.320727416958825,-0.0006,0.002,9455.25
4.196887629070586,-0.0007186984480656,24.30767245952884,-0.0006,0.002,9475.766
4.198134633871995,-0.0026450257806064,24.305044606992706,-0.0006,0.002,9496.297
4.198354697120308,-0.0009803766467813,24.30074199723989,-0.0006,0.002,9516.875
4.198627129750382,-0.0032627659165222,24.28242479606549,-0.0006,0.002,9537.5
4.199059227093377,-0.0020111914244562,24.29776887932464,-0.0006,0.002,9558.156
4.199402449567133,-0.0036824097201463,24.286357488530037,-0.0006,0.002,9578.906
4.200014872947371,-0.0030993764952914,24.291594697945644,-0.0006,0.002,9599.703
4.1994146163063215,-0.0014630054416381,24.277900179152105,-0.0006,0.002,9620.61
4.1994644076006615,-0.0010535861253599,24.26440393181875,0.0,0.002,9641.469
4.199918492557993,-0.0014893348922431,24.26779355001023,0.0,0.002,9662.453
4.199621018609264,-0.0023077205713954,24.26000872652816,-0.0006,0.002,9683.36
4.19977378117142,-0.0014491544233066,24.26207142589838,-0.0006,0.002,9704.328
4.200071559096799,-0.0016868450679506,24.259330754550795,-0.0006,0.002,9725.313
4.200011803339431,-0.0030482478085053,24.24388101111417,-0.0006,0.002,9746.36
4.200078684412414,-0.0037639004086246,24.24894679944111,0.0,0.002,9767.485
4.19967825189293,-0.0010770009132263,24.24418377046789,-0.0006,0.002,9788.625
4.200200244948251,-0.0034783223621117,24.23543152265894,-0.0006,0.002,9809.766
4.200044193559107,-0.0035934104221961,24.235514485551537,-0.0006,0.002,9831.016
4.19989561499362,0.000386204442249,24.23290179249984,-0.0006,0.002,9852.297
4.20004570292122,-0.0025942352753915,24.216568686898857,0.0,0.002,9873.641
4.199993849013335,-0.00286981317537,24.227833199871828,-0.0006,0.002,9894.891
4.199870332306456,-0.0018561762720137,24.223399250308507,-0.0006,0.002,9916.36
4.199854852721157,-0.0034978865158087,24.22582775802216,-0.0006,0.002,9937.781
4.199823052694171,-0.0021435988815734,24.22145733201974,0.0,0.002,9959.281
4.19962986937342,-0.0025443401452502,24.216480476555272,-0.0006,0.002,9980.891
4.199757818206659,-0.0030232862757654,24.22230234411462,0.0,0.002,10002.438
4.199690274115429,-0.0015538076893648,24.21420576038341,-0.0006,0.002,10022.094
4.199606860620655,-0.0050369568198467,24.19291142478456,0.0,0.002,10041.719
4.199812625566883,-0.0022940375121469,24.19440024345007,-0.0006,0.002,10061.5
4.199693503481924,-0.005399456963028,24.19233712259045,0.0,0.002,10081.297
4.199582665914688,-0.0054199346867389,24.20129897858903,-0.0006,0.002,10101.016
4.199652131339089,-0.0001980919945709,24.201952373020195,-0.0006,0.002,10120.781
4.199582703763433,-0.0003189654953198,24.18121363954773,-0.0006,0.002,10140.563
4.199687716188609,-0.00280932988138,24.21397115155449,-0.0006,0.002,10160.438
4.199623237561008,-0.0046381090532053,24.1922314155023,-0.0006,0.002,10180.281
4.1997448429213495,-0.0046275521248771,24.19518882651431,-0.0006,0.002,10200.25
4.199574648977545,-0.0013597173947959,24.186628509339563,0.0,0.002,10220.219
4.199766037401,-0.0034492329529824,24.187738850322823,-0.0006,0.002,10240.188
4.199559094021873,-0.0001752462735629,24.197246897160163,-0.0006,0.002,10260.219
4.199450262403133,-0.0017323811408862,24.186558260482084,-0.0006,0.002,10280.156
4.199473156448974,-0.0042459239927144,24.178628740012808,-0.0006,0.002,10300.188
4.199398482067358,-0.0007523546257144,24.17195998112508,-0.0006,0.002,10320.422
4.199508918890651,-0.0018030756365658,24.170339119540778,-0.0006,0.002,10340.719
4.199616594728027,-0.0014729611209618,24.175254342617123,-0.0006,0.002,10361.016
4.199374038068044,-0.0050411159581118,24.176849446934657,-0.0006,0.002,10381.344
4.199374815835922,-0.0012782250254156,24.178409960439843,-0.0006,0.002,10401.844
4.199236736735807,-0.0030500930381217,24.17480246263201,0.0,0.002,10422.313
4.199424459248638,-0.0031268061672985,24.155838810607545,-0.0006,0.002,10442.891
